5KCorp	Miralebol	https://www.geoguessr.com/user/648777bbaa51a3e11cdb3f4f	Blanecin	https://www.geoguessr.com/user/5e8781f3b3ec177638be489a	Hellias	https://www.geoguessr.com/user/65339e8a7b128e68238a707a	Albataru	https://www.geoguessr.com/user/5d25cce81d34a00730b71f62	Chopix	https://www.geoguessr.com/user/60abaab9b37606000193b12f																							
Bah pourquoi on n'a rien vu ?	Rozario	https://www.geoguessr.com/user/5e4eb6a026bbda4f241d0b2f	Basarn	https://www.geoguessr.com/user/5ea73af16ea510548cf3bc10	Valouka	https://www.geoguessr.com/user/5ea7ff50d502e10494e1e076	Pwy	https://www.geoguessr.com/user/5e92247b3d4b6a5c98fdc8db																									
Bollard Not Found	Guigz	https://www.geoguessr.com/user/5f75da5796692a0001f5d1d3	Videobus	https://www.geoguessr.com/user/5899af1e0eac722384625df3	Laerbanneme	https://www.geoguessr.com/user/5f209720bbbcc00001c1d4d3	Blackblast	https://www.geoguessr.com/user/5ea08d4deb473f3f48cb3feb																									
Czechmate	Filipes	https://www.geoguessr.com/user/60d61ea5548abb000175dd7c	Zakerr	https://www.geoguessr.com/user/5ec3b73d97c8ee199c573937	Juxerr	https://www.geoguessr.com/user/63232556fe765bafba5ef084	Kaerdna	https://www.geoguessr.com/user/5ef9c663e454364894a3fecc	Gold50	https://www.geoguessr.com/user/62f16e172d6c9c8c59887583	živuška	https://www.geoguessr.com/user/5f96cc42b6c5d60001a92fc4	Intruder	https://www.geoguessr.com/user/6017118995eb3c0001d29494	Zsomsza	https://www.geoguessr.com/user/63d00c59744f7e9ebeeb1c09																	
harmless globetrotters	duc	https://www.geoguessr.com/user/605288a60c30bf0001664c93	emma	https://www.geoguessr.com/user/5ff4dbc56ae5070001627f1a	Guava	https://www.geoguessr.com/user/566c80246295a8f4145df167	Patxepi	https://www.geoguessr.com/user/5dadbcd5dd1dd67ea059494a	QuantumOrange	https://www.geoguessr.com/user/657490249b3855c4d0d9036b	Arska	https://www.geoguessr.com/user/6135f03cda6b050001c730fa																					
HOENN	arnwald	https://www.geoguessr.com/user/5ede829fdfbc6e0558296014	Ougyn	https://www.geoguessr.com/user/5ef545117410d364c0f36444	Hutopiie	https://www.geoguessr.com/user/586c08af2f6fc68da8a0df51	Abrezi	https://www.geoguessr.com/user/5c8278c015549035f41cb462	Albwachs	https://www.geoguessr.com/user/5eea744e62df1243a0cde4c1	Waaagh	https://www.geoguessr.com/user/665d7bf268707c976f5f7526	Genayh	https://www.geoguessr.com/user/57841ff818aa6a4a74e68c41																			
Les Cairotes sont cuites	Rukasu	https://www.geoguessr.com/user/5ebd38e5b8272a0f68bbdfad	Loutre Ethanolée	https://www.geoguessr.com/user/5edad761515b5d7350309714	Rikkubeauty	https://www.geoguessr.com/user/5f4018ae116e5c0001ef82d4	Xirius	https://www.geoguessr.com/user/5d91197cee473fc2e437aab4	May	https://www.geoguessr.com/user/5d3e23c724ec173888d4c6dd	Dongio	https://www.geoguessr.com/user/5ae9bc3cb18d086d288c6967	PetitCreeper732	https://www.geoguessr.com/user/60b3c293dd150000017792f1	Marc	https://www.geoguessr.com/user/5f54f9eb7967ba0001c57fc4																	
Les Émeutiers	Meldely	https://www.geoguessr.com/user/5f491552aeacfa00015084fb	Castanex	https://www.geoguessr.com/user/5a99ae6def196fada0def103	Tesla	https://www.geoguessr.com/user/5d559fddb4ec17283486543c	Kikin0m	https://www.geoguessr.com/user/5ad8f992582de2514cbad364	Justine	https://www.geoguessr.com/user/603fd15e5128a80001e0c512	ChromaBLC	https://www.geoguessr.com/user/5ec5459f6d48d53580657aa2	Beubaz	https://www.geoguessr.com/user/5e88ec9f3d4b6a461c3db9f7																			
Les Ghanar's Boiteux	LeGrosMort	https://www.geoguessr.com/user/608c27d2b63901000162f188	Silas	https://www.geoguessr.com/user/601d17eedcaef00001d820c5	Charlix	https://www.geoguessr.com/user/5f0b2a021093d149f4d9b767	Bouffoo	https://www.geoguessr.com/user/61f7dba50a5c1e000188fce0	Aina	https://www.geoguessr.com/user/5eb554e497d6cf50ecd35565	Brigge	https://www.geoguessr.com/user/5ed13aaabb39467ce83fe238	Scalpeur	https://www.geoguessr.com/user/5fc7c599111cc300015140bd	Touriste	https://www.geoguessr.com/user/5e7275d9d51dd66234001cf8																	
Les Wisconsternants	Rivital	https://www.geoguessr.com/user/5dd4674546d2a42e9061a435	Birbberry	https://www.geoguessr.com/user/5e3eea0927ec178a58bd9755	PechSP_	https://www.geoguessr.com/user/5e9662142ad6cfadc8e2db9d	Garbs	https://www.geoguessr.com/user/6092aef972e8b6000161d4ed	Fructidor	https://www.geoguessr.com/user/5e3712631e34a03504349945	GeoPepito	https://www.geoguessr.com/user/6433231bb664f3b9227f31d7	Koch7bzh	https://www.geoguessr.com/user/63ecc22c6c3024278622de59																			
Merchants	Mike JB	https://www.geoguessr.com/user/5fe40ef5383ae40001747ab9	Supermoonies24	https://www.geoguessr.com/user/5f75e02d6be8b800013ca11b	GeoTyler	https://www.geoguessr.com/user/64517749bc2196175c142730	WanderLust	https://www.geoguessr.com/user/63acaba668014d63792a8736																									
P.Corp (+4zi -4zi +Heddi +Finish)	Tsanas	https://www.geoguessr.com/user/601331f5c83541000183daf0	fxbt	https://www.geoguessr.com/user/5ec95ea11cb72533e0121701	Oxidya	https://www.geoguessr.com/user/5f184cc635060700015c7835	Jenniliaa	https://www.geoguessr.com/user/6335ea53a41a5da9961f0c48	Perrotgeoffrey	https://www.geoguessr.com/user/65073eab03339c4eb68a0d72	Grahix	https://www.geoguessr.com/user/5eea7f576a7c6a4edc0dffa7	Heddicmi	https://www.geoguessr.com/user/5f0ec4eb1b72c828746e35f4	Skrad	https://www.geoguessr.com/user/5d7a9e35ea473f67f852ce7a																	
Streamon	x86_Nab	https://www.geoguessr.com/user/5ffc7f1373b8b60001a90185	HotMilk4	https://www.geoguessr.com/user/5ace17db2a3e0d4da46c1bef	LBmaverick	https://www.geoguessr.com/user/5d8123011d19ab8fb465ec3b	Akillamello	https://www.geoguessr.com/user/614cd150f88fa800016c0367	Romu47f	https://www.geoguessr.com/user/5e8df8962ad6cf6fd8adcc1c	MemV22	https://www.geoguessr.com/user/57860f950f815a55b8ce219b	PodyPodo	https://www.geoguessr.com/user/5eaec29ad502e16c4080ad23																			